lb_nom_key,cd_nom_key,lb_cd_nom_key,regne_key,groupe,group1_inpn,code_espece_key,version_taxref,sortby
"Aaroniella <b><span style=""color:#02138e"">(nom valide)</span></b>",212088,Aaroniella!212088,Animalia,Insectes,Arthropodes,aar,15,1
"Abacarus <b><span style=""color:#02138e"">(nom valide)</span></b>",201833,Abacarus!201833,Animalia,Arachnides,Arthropodes,aba,15,2
"Abacetus <b><span style=""color:#02138e"">(nom valide)</span></b>",188660,Abacetus!188660,Animalia,Insectes,Arthropodes,aba,15,3
"Abacoproeces <b><span style=""color:#02138e"">(nom valide)</span></b>",202360,Abacoproeces!202360,Animalia,Arachnides,Arthropodes,aba,15,4
"Abax <b><span style=""color:#02138e"">(nom valide)</span></b>",188661,Abax!188661,Animalia,Insectes,Arthropodes,aba,15,5
"Abdera <b><span style=""color:#02138e"">(nom valide)</span></b>",188662,Abdera!188662,Animalia,Insectes,Arthropodes,abd,15,6
"Abemus <b><span style=""color:#02138e"">(nom valide)</span></b>",205435,Abemus!205435,Animalia,Insectes,Arthropodes,abe,15,7
"Abgrallaspis <b><span style=""color:#02138e"">(nom valide)</span></b>",437684,Abgrallaspis!437684,Animalia,Insectes,Arthropodes,abg,15,8
"Abia <b><span style=""color:#02138e"">(nom valide)</span></b>",188663,Abia!188663,Animalia,Insectes,Arthropodes,abi,15,9
"Abida <b><span style=""color:#02138e"">(nom valide)</span></b>",188664,Abida!188664,Animalia,Gastéropodes,Mollusques,abi,15,10
"Ablabesmyia <b><span style=""color:#02138e"">(nom valide)</span></b>",188667,Ablabesmyia!188667,Animalia,Insectes,Arthropodes,abl,15,11
"Ablattaria <b><span style=""color:#02138e"">(nom valide)</span></b>",188668,Ablattaria!188668,Animalia,Insectes,Arthropodes,abl,15,12
"Ablaxia <b><span style=""color:#02138e"">(nom valide)</span></b>",208654,Ablaxia!208654,Animalia,Insectes,Arthropodes,abl,15,13
"Ablerus <b><span style=""color:#02138e"">(nom valide)</span></b>",208199,Ablerus!208199,Animalia,Insectes,Arthropodes,abl,15,14
"Abludogammarus <b><span style=""color:#02138e"">(nom valide)</span></b>",950277,Abludogammarus!950277,Animalia,Crustacés,Arthropodes,abl,15,15
"Abludomelita <b><span style=""color:#02138e"">(nom valide)</span></b>",352735,Abludomelita!352735,Animalia,Crustacés,Arthropodes,abl,15,16
"Abra <b><span style=""color:#02138e"">(nom valide)</span></b>",188672,Abra!188672,Animalia,Bivalves,Mollusques,abr,15,17
"Abrachyglossum <b><span style=""color:#02138e"">(nom valide)</span></b>",205666,Abrachyglossum!205666,Animalia,Insectes,Arthropodes,abr,15,18
"Abraeus <b><span style=""color:#02138e"">(nom valide)</span></b>",204914,Abraeus!204914,Animalia,Insectes,Arthropodes,abr,15,19
"Abraliopsis <b><span style=""color:#02138e"">(nom valide)</span></b>",358627,Abraliopsis!358627,Animalia,Céphalopodes,Mollusques,abr,15,20
"Abramis <b><span style=""color:#02138e"">(nom valide)</span></b>",188673,Abramis!188673,Animalia,Poissons,Chordés,abr,15,21
"Abraxas <b><span style=""color:#02138e"">(nom valide)</span></b>",210517,Abraxas!210517,Animalia,Insectes,Arthropodes,abr,15,22
"Abrolophus <b><span style=""color:#02138e"">(nom valide)</span></b>",201622,Abrolophus!201622,Animalia,Arachnides,Arthropodes,abr,15,23
"Abromus <b><span style=""color:#02138e"">(nom valide)</span></b>",203824,Abromus!203824,Animalia,Insectes,Arthropodes,abr,15,24
"Abrostola <b><span style=""color:#02138e"">(nom valide)</span></b>",211184,Abrostola!211184,Animalia,Insectes,Arthropodes,abr,15,25
"Absyrtus <b><span style=""color:#02138e"">(nom valide)</span></b>",209744,Absyrtus!209744,Animalia,Insectes,Arthropodes,abs,15,26
"Abudefduf <b><span style=""color:#02138e"">(nom valide)</span></b>",188677,Abudefduf!188677,Animalia,Poissons,Chordés,abu,15,27
"Abyssorchomene <b><span style=""color:#02138e"">(nom valide)</span></b>",354435,Abyssorchomene!354435,Animalia,Crustacés,Arthropodes,aby,15,28
"Acaenitus <b><span style=""color:#02138e"">(nom valide)</span></b>",209760,Acaenitus!209760,Animalia,Insectes,Arthropodes,aca,15,29
"Acaenomolgus <b><span style=""color:#02138e"">(nom valide)</span></b>",356862,Acaenomolgus!356862,Animalia,Crustacés,Arthropodes,aca,15,30
"Acaeroplastes <b><span style=""color:#02138e"">(nom valide)</span></b>",202737,Acaeroplastes!202737,Animalia,Crustacés,Arthropodes,aca,15,31
"Acalitus <b><span style=""color:#02138e"">(nom valide)</span></b>",201848,Acalitus!201848,Animalia,Arachnides,Arthropodes,aca,15,32
"Acalles <b><span style=""color:#02138e"">(nom valide)</span></b>",188681,Acalles!188681,Animalia,Insectes,Arthropodes,aca,15,33
"Acallocrates <b><span style=""color:#02138e"">(nom valide)</span></b>",188682,Acallocrates!188682,Animalia,Insectes,Arthropodes,aca,15,34
"Acalypta <b><span style=""color:#02138e"">(nom valide)</span></b>",188684,Acalypta!188684,Animalia,Insectes,Arthropodes,aca,15,35
"Acalyptris <b><span style=""color:#02138e"">(nom valide)</span></b>",210766,Acalyptris!210766,Animalia,Insectes,Arthropodes,aca,15,36
"Acalyptus <b><span style=""color:#02138e"">(nom valide)</span></b>",188685,Acalyptus!188685,Animalia,Insectes,Arthropodes,aca,15,37
"Acampsis <b><span style=""color:#02138e"">(nom valide)</span></b>",209010,Acampsis!209010,Animalia,Insectes,Arthropodes,aca,15,38
"Acamptocladius <b><span style=""color:#02138e"">(nom valide)</span></b>",206539,Acamptocladius!206539,Animalia,Insectes,Arthropodes,aca,15,39
"Acanosema <b><span style=""color:#02138e"">(nom valide)</span></b>",209904,Acanosema!209904,Animalia,Insectes,Arthropodes,aca,15,40
"Acanthaclisis <b><span style=""color:#02138e"">(nom valide)</span></b>",211750,Acanthaclisis!211750,Animalia,Insectes,Arthropodes,aca,15,41
"Acantharctus <b><span style=""color:#02138e"">(nom valide)</span></b>",529767,Acantharctus!529767,Animalia,Crustacés,Arthropodes,aca,15,42
"Acanthephyra <b><span style=""color:#02138e"">(nom valide)</span></b>",349936,Acanthephyra!349936,Animalia,Crustacés,Arthropodes,aca,15,43
"Acanthinula <b><span style=""color:#02138e"">(nom valide)</span></b>",188690,Acanthinula!188690,Animalia,Gastéropodes,Mollusques,aca,15,44
"Acanthiophilus <b><span style=""color:#02138e"">(nom valide)</span></b>",206127,Acanthiophilus!206127,Animalia,Insectes,Arthropodes,aca,15,45
"Acanthis <b><span style=""color:#02138e"">(nom valide)</span></b>",886228,Acanthis!886228,Animalia,Oiseaux,Chordés,aca,15,46
"Acanthobodilus <b><span style=""color:#02138e"">(nom valide)</span></b>",200272,Acanthobodilus!200272,Animalia,Insectes,Arthropodes,aca,15,47
"Acanthocardia <b><span style=""color:#02138e"">(nom valide)</span></b>",188694,Acanthocardia!188694,Animalia,Bivalves,Mollusques,aca,15,48
"Acanthochermes <b><span style=""color:#02138e"">(nom valide)</span></b>",208014,Acanthochermes!208014,Animalia,Insectes,Arthropodes,aca,15,49
"Acanthochitona <b><span style=""color:#02138e"">(nom valide)</span></b>",188696,Acanthochitona!188696,Animalia,Autres,Mollusques,aca,15,50
"Acanthochondria <b><span style=""color:#02138e"">(nom valide)</span></b>",356518,Acanthochondria!356518,Animalia,Crustacés,Arthropodes,aca,15,51
"Acanthocinus <b><span style=""color:#02138e"">(nom valide)</span></b>",188697,Acanthocinus!188697,Animalia,Insectes,Arthropodes,aca,15,52
"Acanthocnema <b><span style=""color:#02138e"">(nom valide)</span></b>",205891,Acanthocnema!205891,Animalia,Insectes,Arthropodes,aca,15,53
"Acanthocnemus <b><span style=""color:#02138e"">(nom valide)</span></b>",203796,Acanthocnemus!203796,Animalia,Insectes,Arthropodes,aca,15,54
"Acanthococcus <b><span style=""color:#02138e"">(nom valide)</span></b>",207918,Acanthococcus!207918,Animalia,Insectes,Arthropodes,aca,15,55
"Acanthocope <b><span style=""color:#02138e"">(nom valide)</span></b>",355954,Acanthocope!355954,Animalia,Crustacés,Arthropodes,aca,15,56
"Acanthocreagris <b><span style=""color:#02138e"">(nom valide)</span></b>",201037,Acanthocreagris!201037,Animalia,Arachnides,Arthropodes,aca,15,57
"Acanthocybium <b><span style=""color:#02138e"">(nom valide)</span></b>",188698,Acanthocybium!188698,Animalia,Poissons,Chordés,aca,15,58
"Acanthocyclops <b><span style=""color:#02138e"">(nom valide)</span></b>",188699,Acanthocyclops!188699,Animalia,Crustacés,Arthropodes,aca,15,59
"Acanthodelphax <b><span style=""color:#02138e"">(nom valide)</span></b>",206952,Acanthodelphax!206952,Animalia,Insectes,Arthropodes,aca,15,60
"Acanthodiaptomus <b><span style=""color:#02138e"">(nom valide)</span></b>",188702,Acanthodiaptomus!188702,Animalia,Crustacés,Arthropodes,aca,15,61
"Acanthodoris <b><span style=""color:#02138e"">(nom valide)</span></b>",188703,Acanthodoris!188703,Animalia,Gastéropodes,Mollusques,aca,15,62
"Acanthogethes <b><span style=""color:#02138e"">(nom valide)</span></b>",793432,Acanthogethes!793432,Animalia,Insectes,Arthropodes,aca,15,63
"Acantholabrus <b><span style=""color:#02138e"">(nom valide)</span></b>",188704,Acantholabrus!188704,Animalia,Poissons,Chordés,aca,15,64
"Acantholeberis <b><span style=""color:#02138e"">(nom valide)</span></b>",202594,Acantholeberis!202594,Animalia,Crustacés,Arthropodes,aca,15,65
"Acantholeria <b><span style=""color:#02138e"">(nom valide)</span></b>",205749,Acantholeria!205749,Animalia,Insectes,Arthropodes,aca,15,66
"Acantholyda <b><span style=""color:#02138e"">(nom valide)</span></b>",210089,Acantholyda!210089,Animalia,Insectes,Arthropodes,aca,15,67
"Acanthomenia <b><span style=""color:#02138e"">(nom valide)</span></b>",928777,Acanthomenia!928777,Animalia,Autres,Mollusques,aca,15,68
"Acanthomunna <b><span style=""color:#02138e"">(nom valide)</span></b>",355932,Acanthomunna!355932,Animalia,Crustacés,Arthropodes,aca,15,69
"Acanthomysis <b><span style=""color:#02138e"">(nom valide)</span></b>",352786,Acanthomysis!352786,Animalia,Crustacés,Arthropodes,aca,15,70
"Acanthonyx <b><span style=""color:#02138e"">(nom valide)</span></b>",349875,Acanthonyx!349875,Animalia,Crustacés,Arthropodes,aca,15,71
"Acanthophthirius <b><span style=""color:#02138e"">(nom valide)</span></b>",931497,Acanthophthirius!931497,Animalia,Arachnides,Arthropodes,aca,15,72
"Acanthopsyche <b><span style=""color:#02138e"">(nom valide)</span></b>",211442,Acanthopsyche!211442,Animalia,Insectes,Arthropodes,aca,15,73
"Acanthoscelides <b><span style=""color:#02138e"">(nom valide)</span></b>",203725,Acanthoscelides!203725,Animalia,Insectes,Arthropodes,aca,15,74
"Acanthosoma <b><span style=""color:#02138e"">(nom valide)</span></b>",188712,Acanthosoma!188712,Animalia,Insectes,Arthropodes,aca,15,75
"Acanthothrips <b><span style=""color:#02138e"">(nom valide)</span></b>",212269,Acanthothrips!212269,Animalia,Insectes,Arthropodes,aca,15,76
"Acanthothrombium <b><span style=""color:#02138e"">(nom valide)</span></b>",987986,Acanthothrombium!987986,Animalia,Arachnides,Arthropodes,aca,15,77
"Acanthurus <b><span style=""color:#02138e"">(nom valide)</span></b>",188718,Acanthurus!188718,Animalia,Poissons,Chordés,aca,15,78
"Acarapis <b><span style=""color:#02138e"">(nom valide)</span></b>",201915,Acarapis!201915,Animalia,Arachnides,Arthropodes,aca,15,79
"Acar <b><span style=""color:#02138e"">(nom valide)</span></b>",460147,Acar!460147,Animalia,Bivalves,Mollusques,aca,15,80
"Acarochelopodia <b><span style=""color:#02138e"">(nom valide)</span></b>",352701,Acarochelopodia!352701,Animalia,Arachnides,Arthropodes,aca,15,81
"Acaromantis <b><span style=""color:#02138e"">(nom valide)</span></b>",352710,Acaromantis!352710,Animalia,Arachnides,Arthropodes,aca,15,82
"Acaronemus <b><span style=""color:#02138e"">(nom valide)</span></b>",201911,Acaronemus!201911,Animalia,Arachnides,Arthropodes,aca,15,83
"Acartauchenius <b><span style=""color:#02138e"">(nom valide)</span></b>",188723,Acartauchenius!188723,Animalia,Arachnides,Arthropodes,aca,15,84
"Acartia <b><span style=""color:#02138e"">(nom valide)</span></b>",188724,Acartia!188724,Animalia,Crustacés,Arthropodes,aca,15,85
"Acartophthalmus <b><span style=""color:#02138e"">(nom valide)</span></b>",959725,Acartophthalmus!959725,Animalia,Insectes,Arthropodes,aca,15,86
"Acasis <b><span style=""color:#02138e"">(nom valide)</span></b>",210493,Acasis!210493,Animalia,Insectes,Arthropodes,aca,15,87
"Acasta <b><span style=""color:#02138e"">(nom valide)</span></b>",188726,Acasta!188726,Animalia,Crustacés,Arthropodes,aca,15,88
"Acaudinum <b><span style=""color:#02138e"">(nom valide)</span></b>",207799,Acaudinum!207799,Animalia,Insectes,Arthropodes,aca,15,89
"Accanthopus <b><span style=""color:#02138e"">(nom valide)</span></b>",793449,Accanthopus!793449,Animalia,Insectes,Arthropodes,acc,15,90
"Accipiter <b><span style=""color:#02138e"">(nom valide)</span></b>",188728,Accipiter!188728,Animalia,Oiseaux,Chordés,acc,15,91
"Acemya <b><span style=""color:#02138e"">(nom valide)</span></b>",205974,Acemya!205974,Animalia,Insectes,Arthropodes,ace,15,92
"Acentra <b><span style=""color:#02138e"">(nom valide)</span></b>",211444,Acentra!211444,Animalia,Insectes,Arthropodes,ace,15,93
"Acentrella <b><span style=""color:#02138e"">(nom valide)</span></b>",188729,Acentrella!188729,Animalia,Insectes,Arthropodes,ace,15,94
"Acentria <b><span style=""color:#02138e"">(nom valide)</span></b>",214831,Acentria!214831,Animalia,Insectes,Arthropodes,ace,15,95
"Acentrotypus <b><span style=""color:#02138e"">(nom valide)</span></b>",204022,Acentrotypus!204022,Animalia,Insectes,Arthropodes,ace,15,96
"Acentrus <b><span style=""color:#02138e"">(nom valide)</span></b>",188730,Acentrus!188730,Animalia,Insectes,Arthropodes,ace,15,97
"Aceratoneuromyia <b><span style=""color:#02138e"">(nom valide)</span></b>",208391,Aceratoneuromyia!208391,Animalia,Insectes,Arthropodes,ace,15,98
"Acerella <b><span style=""color:#02138e"">(nom valide)</span></b>",203245,Acerella!203245,Animalia,Entognathes,Arthropodes,ace,15,99
"Acerentomon <b><span style=""color:#02138e"">(nom valide)</span></b>",203256,Acerentomon!203256,Animalia,Entognathes,Arthropodes,ace,15,100
"Acerentulus <b><span style=""color:#02138e"">(nom valide)</span></b>",203248,Acerentulus!203248,Animalia,Entognathes,Arthropodes,ace,15,101
"Aceria <b><span style=""color:#02138e"">(nom valide)</span></b>",201816,Aceria!201816,Animalia,Arachnides,Arthropodes,ace,15,102
"Acericecis <b><span style=""color:#02138e"">(nom valide)</span></b>",206388,Acericecis!206388,Animalia,Insectes,Arthropodes,ace,15,103
"Acericerus <b><span style=""color:#02138e"">(nom valide)</span></b>",206769,Acericerus!206769,Animalia,Insectes,Arthropodes,ace,15,104
"Acerophagus <b><span style=""color:#02138e"">(nom valide)</span></b>",699745,Acerophagus!699745,Animalia,Insectes,Arthropodes,ace,15,105
"Acesta <b><span style=""color:#02138e"">(nom valide)</span></b>",354122,Acesta!354122,Animalia,Bivalves,Mollusques,ace,15,106
"Acetropis <b><span style=""color:#02138e"">(nom valide)</span></b>",207153,Acetropis!207153,Animalia,Insectes,Arthropodes,ace,15,107
"Achaeridion <b><span style=""color:#02138e"">(nom valide)</span></b>",784323,Achaeridion!784323,Animalia,Arachnides,Arthropodes,ach,15,108
"Achaeus <b><span style=""color:#02138e"">(nom valide)</span></b>",349876,Achaeus!349876,Animalia,Crustacés,Arthropodes,ach,15,109
"Achaius <b><span style=""color:#02138e"">(nom valide)</span></b>",209650,Achaius!209650,Animalia,Insectes,Arthropodes,ach,15,110
"Achalcerinys <b><span style=""color:#02138e"">(nom valide)</span></b>",208223,Achalcerinys!208223,Animalia,Insectes,Arthropodes,ach,15,111
"Achalcus <b><span style=""color:#02138e"">(nom valide)</span></b>",188738,Achalcus!188738,Animalia,Insectes,Arthropodes,ach,15,112
"Achanthiptera <b><span style=""color:#02138e"">(nom valide)</span></b>",188739,Achanthiptera!188739,Animalia,Insectes,Arthropodes,ach,15,113
"Achenium <b><span style=""color:#02138e"">(nom valide)</span></b>",188743,Achenium!188743,Animalia,Insectes,Arthropodes,ach,15,114
"Acherongia <b><span style=""color:#02138e"">(nom valide)</span></b>",203063,Acherongia!203063,Animalia,Entognathes,Arthropodes,ach,15,115
"Acherontacarus <b><span style=""color:#02138e"">(nom valide)</span></b>",201643,Acherontacarus!201643,Animalia,Arachnides,Arthropodes,ach,15,116
"Acherontia <b><span style=""color:#02138e"">(nom valide)</span></b>",188744,Acherontia!188744,Animalia,Insectes,Arthropodes,ach,15,117
"Acherontiella <b><span style=""color:#02138e"">(nom valide)</span></b>",203078,Acherontiella!203078,Animalia,Entognathes,Arthropodes,ach,15,118
"Acheta <b><span style=""color:#02138e"">(nom valide)</span></b>",188745,Acheta!188745,Animalia,Insectes,Arthropodes,ach,15,119
"Achipteria <b><span style=""color:#02138e"">(nom valide)</span></b>",201493,Achipteria!201493,Animalia,Arachnides,Arthropodes,ach,15,120
"Achlya <b><span style=""color:#02138e"">(nom valide)</span></b>",210199,Achlya!210199,Animalia,Insectes,Arthropodes,ach,15,121
"Achorotile <b><span style=""color:#02138e"">(nom valide)</span></b>",206975,Achorotile!206975,Animalia,Insectes,Arthropodes,ach,15,122
"Achroia <b><span style=""color:#02138e"">(nom valide)</span></b>",211297,Achroia!211297,Animalia,Insectes,Arthropodes,ach,15,123
"Achrysocharoides <b><span style=""color:#02138e"">(nom valide)</span></b>",208396,Achrysocharoides!208396,Animalia,Insectes,Arthropodes,ach,15,124
"Achtheres <b><span style=""color:#02138e"">(nom valide)</span></b>",202949,Achtheres!202949,Animalia,Crustacés,Arthropodes,ach,15,125
"Achyra <b><span style=""color:#02138e"">(nom valide)</span></b>",214753,Achyra!214753,Animalia,Insectes,Arthropodes,ach,15,126
"Achyrolimonia <b><span style=""color:#02138e"">(nom valide)</span></b>",188750,Achyrolimonia!188750,Animalia,Insectes,Arthropodes,ach,15,127
"Acicula <b><span style=""color:#02138e"">(nom valide)</span></b>",188751,Acicula!188751,Animalia,Gastéropodes,Mollusques,aci,15,128
"Acidia <b><span style=""color:#02138e"">(nom valide)</span></b>",188752,Acidia!188752,Animalia,Insectes,Arthropodes,aci,15,129
"Acidostoma <b><span style=""color:#02138e"">(nom valide)</span></b>",354384,Acidostoma!354384,Animalia,Crustacés,Arthropodes,aci,15,130
"Acidota <b><span style=""color:#02138e"">(nom valide)</span></b>",188753,Acidota!188753,Animalia,Insectes,Arthropodes,aci,15,131
"Acilius <b><span style=""color:#02138e"">(nom valide)</span></b>",188754,Acilius!188754,Animalia,Insectes,Arthropodes,aci,15,132
"Acinia <b><span style=""color:#02138e"">(nom valide)</span></b>",188755,Acinia!188755,Animalia,Insectes,Arthropodes,aci,15,133
"Acinopus <b><span style=""color:#02138e"">(nom valide)</span></b>",188756,Acinopus!188756,Animalia,Insectes,Arthropodes,aci,15,134
"Acipenser <b><span style=""color:#02138e"">(nom valide)</span></b>",188758,Acipenser!188758,Animalia,Poissons,Chordés,aci,15,135
"Acirsa <b><span style=""color:#02138e"">(nom valide)</span></b>",188759,Acirsa!188759,Animalia,Gastéropodes,Mollusques,aci,15,136
"Aciura <b><span style=""color:#02138e"">(nom valide)</span></b>",206136,Aciura!206136,Animalia,Insectes,Arthropodes,aci,15,137
"Acizzia <b><span style=""color:#02138e"">(nom valide)</span></b>",208038,Acizzia!208038,Animalia,Insectes,Arthropodes,aci,15,138
"Aclastus <b><span style=""color:#02138e"">(nom valide)</span></b>",209664,Aclastus!209664,Animalia,Insectes,Arthropodes,acl,15,139
"Aclees <b><span style=""color:#02138e"">(nom valide)</span></b>",982540,Aclees!982540,Animalia,Insectes,Arthropodes,acl,15,140
"Aclerda <b><span style=""color:#02138e"">(nom valide)</span></b>",207806,Aclerda!207806,Animalia,Insectes,Arthropodes,acl,15,141
"Acleris <b><span style=""color:#02138e"">(nom valide)</span></b>",211546,Acleris!211546,Animalia,Insectes,Arthropodes,acl,15,142
"Acletoxenus <b><span style=""color:#02138e"">(nom valide)</span></b>",205703,Acletoxenus!205703,Animalia,Insectes,Arthropodes,acl,15,143
"Aclis <b><span style=""color:#02138e"">(nom valide)</span></b>",188760,Aclis!188760,Animalia,Gastéropodes,Mollusques,acl,15,144
"Aclista <b><span style=""color:#02138e"">(nom valide)</span></b>",209860,Aclista!209860,Animalia,Insectes,Arthropodes,acl,15,145
"Aclitus <b><span style=""color:#02138e"">(nom valide)</span></b>",209017,Aclitus!209017,Animalia,Insectes,Arthropodes,acl,15,146
"Aclypea <b><span style=""color:#02138e"">(nom valide)</span></b>",205184,Aclypea!205184,Animalia,Insectes,Arthropodes,acl,15,147
"Acmaeodera <b><span style=""color:#02138e"">(nom valide)</span></b>",188762,Acmaeodera!188762,Animalia,Insectes,Arthropodes,acm,15,148
"Acmaeoderella <b><span style=""color:#02138e"">(nom valide)</span></b>",204649,Acmaeoderella!204649,Animalia,Insectes,Arthropodes,acm,15,149
"Acmaeops <b><span style=""color:#02138e"">(nom valide)</span></b>",188763,Acmaeops!188763,Animalia,Insectes,Arthropodes,acm,15,150
"Acnemia <b><span style=""color:#02138e"">(nom valide)</span></b>",188764,Acnemia!188764,Animalia,Insectes,Arthropodes,acn,15,151
"Acodiplosis <b><span style=""color:#02138e"">(nom valide)</span></b>",925652,Acodiplosis!925652,Animalia,Insectes,Arthropodes,aco,15,152
"Acolobus <b><span style=""color:#02138e"">(nom valide)</span></b>",209667,Acolobus!209667,Animalia,Insectes,Arthropodes,aco,15,153
"Acompocoris <b><span style=""color:#02138e"">(nom valide)</span></b>",207062,Acompocoris!207062,Animalia,Insectes,Arthropodes,aco,15,154
"Acompsia <b><span style=""color:#02138e"">(nom valide)</span></b>",210337,Acompsia!210337,Animalia,Insectes,Arthropodes,aco,15,155
"Acompus <b><span style=""color:#02138e"">(nom valide)</span></b>",207400,Acompus!207400,Animalia,Insectes,Arthropodes,aco,15,156
"Acontia <b><span style=""color:#02138e"">(nom valide)</span></b>",211149,Acontia!211149,Animalia,Insectes,Arthropodes,aco,15,157
"Acontiophorus <b><span style=""color:#02138e"">(nom valide)</span></b>",356904,Acontiophorus!356904,Animalia,Crustacés,Arthropodes,aco,15,158
"Aconurella <b><span style=""color:#02138e"">(nom valide)</span></b>",206794,Aconurella!206794,Animalia,Insectes,Arthropodes,aco,15,159
"Acopauropus <b><span style=""color:#02138e"">(nom valide)</span></b>",212746,Acopauropus!212746,Animalia,Myriapodes,Arthropodes,aco,15,160
"Acosmetia <b><span style=""color:#02138e"">(nom valide)</span></b>",211161,Acosmetia!211161,Animalia,Insectes,Arthropodes,aco,15,161
"Acossus <b><span style=""color:#02138e"">(nom valide)</span></b>",841729,Acossus!841729,Animalia,Insectes,Arthropodes,aco,15,162
"Acricotopus <b><span style=""color:#02138e"">(nom valide)</span></b>",188770,Acricotopus!188770,Animalia,Insectes,Arthropodes,acr,15,163
"Acrida <b><span style=""color:#02138e"">(nom valide)</span></b>",188771,Acrida!188771,Animalia,Insectes,Arthropodes,acr,15,164
"Acridomyia <b><span style=""color:#02138e"">(nom valide)</span></b>",205489,Acridomyia!205489,Animalia,Insectes,Arthropodes,acr,15,165
"Acridotheres <b><span style=""color:#02138e"">(nom valide)</span></b>",199259,Acridotheres!199259,Animalia,Oiseaux,Chordés,acr,15,166
"Acrilloscala <b><span style=""color:#02138e"">(nom valide)</span></b>",353697,Acrilloscala!353697,Animalia,Gastéropodes,Mollusques,acr,15,167
"Acritus <b><span style=""color:#02138e"">(nom valide)</span></b>",204928,Acritus!204928,Animalia,Insectes,Arthropodes,acr,15,168
"Acrobasis <b><span style=""color:#02138e"">(nom valide)</span></b>",211334,Acrobasis!211334,Animalia,Insectes,Arthropodes,acr,15,169
"Acrobelesia <b><span style=""color:#02138e"">(nom valide)</span></b>",841536,Acrobelesia!841536,Animalia,Autres,Autres,acr,15,170
"Acrocalanus <b><span style=""color:#02138e"">(nom valide)</span></b>",356087,Acrocalanus!356087,Animalia,Crustacés,Arthropodes,acr,15,171
"Acrocephalus <b><span style=""color:#02138e"">(nom valide)</span></b>",188772,Acrocephalus!188772,Animalia,Oiseaux,Chordés,acr,15,172
"Acrocera <b><span style=""color:#02138e"">(nom valide)</span></b>",188773,Acrocera!188773,Animalia,Insectes,Arthropodes,acr,15,173
"Acrocercops <b><span style=""color:#02138e"">(nom valide)</span></b>",210713,Acrocercops!210713,Animalia,Insectes,Arthropodes,acr,15,174
"Acroclita <b><span style=""color:#02138e"">(nom valide)</span></b>",211561,Acroclita!211561,Animalia,Insectes,Arthropodes,acr,15,175
"Acrodactyla <b><span style=""color:#02138e"">(nom valide)</span></b>",209623,Acrodactyla!209623,Animalia,Insectes,Arthropodes,acr,15,176
"Acrogalumna <b><span style=""color:#02138e"">(nom valide)</span></b>",201366,Acrogalumna!201366,Animalia,Arachnides,Arthropodes,acr,15,177
"Acrolepia <b><span style=""color:#02138e"">(nom valide)</span></b>",211646,Acrolepia!211646,Animalia,Insectes,Arthropodes,acr,15,178
"Acrolepiopsis <b><span style=""color:#02138e"">(nom valide)</span></b>",211645,Acrolepiopsis!211645,Animalia,Insectes,Arthropodes,acr,15,179
"Acrolocha <b><span style=""color:#02138e"">(nom valide)</span></b>",205205,Acrolocha!205205,Animalia,Insectes,Arthropodes,acr,15,180
"Acroloxus <b><span style=""color:#02138e"">(nom valide)</span></b>",188776,Acroloxus!188776,Animalia,Gastéropodes,Mollusques,acr,15,181
"Acrolyta <b><span style=""color:#02138e"">(nom valide)</span></b>",209626,Acrolyta!209626,Animalia,Insectes,Arthropodes,acr,15,182
"Acrometopa <b><span style=""color:#02138e"">(nom valide)</span></b>",188777,Acrometopa!188777,Animalia,Insectes,Arthropodes,acr,15,183
"Acronicta <b><span style=""color:#02138e"">(nom valide)</span></b>",211146,Acronicta!211146,Animalia,Insectes,Arthropodes,acr,15,184
"Acroperus <b><span style=""color:#02138e"">(nom valide)</span></b>",188778,Acroperus!188778,Animalia,Crustacés,Arthropodes,acr,15,185
"Acrophylax <b><span style=""color:#02138e"">(nom valide)</span></b>",212351,Acrophylax!212351,Animalia,Insectes,Arthropodes,acr,15,186
"Acropimpla <b><span style=""color:#02138e"">(nom valide)</span></b>",209617,Acropimpla!209617,Animalia,Insectes,Arthropodes,acr,15,187
"Acropsilus <b><span style=""color:#02138e"">(nom valide)</span></b>",205675,Acropsilus!205675,Animalia,Insectes,Arthropodes,acr,15,188
"Acroricnus <b><span style=""color:#02138e"">(nom valide)</span></b>",209634,Acroricnus!209634,Animalia,Insectes,Arthropodes,acr,15,189
"Acrosathe <b><span style=""color:#02138e"">(nom valide)</span></b>",188780,Acrosathe!188780,Animalia,Insectes,Arthropodes,acr,15,190
"Acrossus <b><span style=""color:#02138e"">(nom valide)</span></b>",200273,Acrossus!200273,Animalia,Insectes,Arthropodes,acr,15,191
"Acrosternum <b><span style=""color:#02138e"">(nom valide)</span></b>",207530,Acrosternum!207530,Animalia,Insectes,Arthropodes,acr,15,192
"Acrotomus <b><span style=""color:#02138e"">(nom valide)</span></b>",209636,Acrotomus!209636,Animalia,Insectes,Arthropodes,acr,15,193
"Acrotona <b><span style=""color:#02138e"">(nom valide)</span></b>",639131,Acrotona!639131,Animalia,Insectes,Arthropodes,acr,15,194
"Acrotrichis <b><span style=""color:#02138e"">(nom valide)</span></b>",205158,Acrotrichis!205158,Animalia,Insectes,Arthropodes,acr,15,195
"Acrotritia <b><span style=""color:#02138e"">(nom valide)</span></b>",778262,Acrotritia!778262,Animalia,Arachnides,Arthropodes,acr,15,196
"Acrotylus <b><span style=""color:#02138e"">(nom valide)</span></b>",188783,Acrotylus!188783,Animalia,Insectes,Arthropodes,acr,15,197
"Acrulia <b><span style=""color:#02138e"">(nom valide)</span></b>",188784,Acrulia!188784,Animalia,Insectes,Arthropodes,acr,15,198
"Actaletes <b><span style=""color:#02138e"">(nom valide)</span></b>",214715,Actaletes!214715,Animalia,Entognathes,Arthropodes,act,15,199
"Actebia <b><span style=""color:#02138e"">(nom valide)</span></b>",211040,Actebia!211040,Animalia,Insectes,Arthropodes,act,15,200
"Actenicerus <b><span style=""color:#02138e"">(nom valide)</span></b>",188787,Actenicerus!188787,Animalia,Insectes,Arthropodes,act,15,201
"Actenodia <b><span style=""color:#02138e"">(nom valide)</span></b>",204414,Actenodia!204414,Animalia,Insectes,Arthropodes,act,15,202
"Acteon <b><span style=""color:#02138e"">(nom valide)</span></b>",188788,Acteon!188788,Animalia,Gastéropodes,Mollusques,act,15,203
"Actia <b><span style=""color:#02138e"">(nom valide)</span></b>",188790,Actia!188790,Animalia,Insectes,Arthropodes,act,15,204
"Actidium <b><span style=""color:#02138e"">(nom valide)</span></b>",188793,Actidium!188793,Animalia,Insectes,Arthropodes,act,15,205
"Actina <b><span style=""color:#02138e"">(nom valide)</span></b>",205932,Actina!205932,Animalia,Insectes,Arthropodes,act,15,206
"Actinocythereis <b><span style=""color:#02138e"">(nom valide)</span></b>",654059,Actinocythereis!654059,Animalia,Crustacés,Arthropodes,act,15,207
"Actinonotus <b><span style=""color:#02138e"">(nom valide)</span></b>",207239,Actinonotus!207239,Animalia,Insectes,Arthropodes,act,15,208
"Actinoptera <b><span style=""color:#02138e"">(nom valide)</span></b>",206131,Actinoptera!206131,Animalia,Insectes,Arthropodes,act,15,209
"Actinopteryx <b><span style=""color:#02138e"">(nom valide)</span></b>",188802,Actinopteryx!188802,Animalia,Insectes,Arthropodes,act,15,210
"Actinotia <b><span style=""color:#02138e"">(nom valide)</span></b>",211043,Actinotia!211043,Animalia,Insectes,Arthropodes,act,15,211
"Actitis <b><span style=""color:#02138e"">(nom valide)</span></b>",188807,Actitis!188807,Animalia,Oiseaux,Chordés,act,15,212
"Actocharis <b><span style=""color:#02138e"">(nom valide)</span></b>",205238,Actocharis!205238,Animalia,Insectes,Arthropodes,act,15,213
"Actumnus <b><span style=""color:#02138e"">(nom valide)</span></b>",594124,Actumnus!594124,Animalia,Crustacés,Arthropodes,act,15,214
"Aculepeira <b><span style=""color:#02138e"">(nom valide)</span></b>",188808,Aculepeira!188808,Animalia,Arachnides,Arthropodes,acu,15,215
"Aculops <b><span style=""color:#02138e"">(nom valide)</span></b>",201834,Aculops!201834,Animalia,Arachnides,Arthropodes,acu,15,216
"Aculus <b><span style=""color:#02138e"">(nom valide)</span></b>",201829,Aculus!201829,Animalia,Arachnides,Arthropodes,acu,15,217
"Acupalpus <b><span style=""color:#02138e"">(nom valide)</span></b>",188809,Acupalpus!188809,Animalia,Insectes,Arthropodes,acu,15,218
"Acutaspis <b><span style=""color:#02138e"">(nom valide)</span></b>",207857,Acutaspis!207857,Animalia,Insectes,Arthropodes,acu,15,219
"Acuticauda <b><span style=""color:#02138e"">(nom valide)</span></b>",207794,Acuticauda!207794,Animalia,Insectes,Arthropodes,acu,15,220
"Acyglossa <b><span style=""color:#02138e"">(nom valide)</span></b>",205494,Acyglossa!205494,Animalia,Insectes,Arthropodes,acy,15,221
"Acylomus <b><span style=""color:#02138e"">(nom valide)</span></b>",593053,Acylomus!593053,Animalia,Insectes,Arthropodes,acy,15,222
"Acylophorus <b><span style=""color:#02138e"">(nom valide)</span></b>",205237,Acylophorus!205237,Animalia,Insectes,Arthropodes,acy,15,223
"Acyrthosiphon <b><span style=""color:#02138e"">(nom valide)</span></b>",207743,Acyrthosiphon!207743,Animalia,Insectes,Arthropodes,acy,15,224
"Adactylotis <b><span style=""color:#02138e"">(nom valide)</span></b>",210674,Adactylotis!210674,Animalia,Insectes,Arthropodes,ada,15,225
"Adaina <b><span style=""color:#02138e"">(nom valide)</span></b>",211229,Adaina!211229,Animalia,Insectes,Arthropodes,ada,15,226
"Adalaria <b><span style=""color:#02138e"">(nom valide)</span></b>",353690,Adalaria!353690,Animalia,Gastéropodes,Mollusques,ada,15,227
"Adalbertia <b><span style=""color:#02138e"">(nom valide)</span></b>",210676,Adalbertia!210676,Animalia,Insectes,Arthropodes,ada,15,228
"Adalia <b><span style=""color:#02138e"">(nom valide)</span></b>",188810,Adalia!188810,Animalia,Insectes,Arthropodes,ada,15,229
"Adamystis <b><span style=""color:#02138e"">(nom valide)</span></b>",201581,Adamystis!201581,Animalia,Arachnides,Arthropodes,ada,15,230
"Adarrus <b><span style=""color:#02138e"">(nom valide)</span></b>",206819,Adarrus!206819,Animalia,Insectes,Arthropodes,ada,15,231
"Addisonia <b><span style=""color:#02138e"">(nom valide)</span></b>",188812,Addisonia!188812,Animalia,Gastéropodes,Mollusques,add,15,232
"Adela <b><span style=""color:#02138e"">(nom valide)</span></b>",210746,Adela!210746,Animalia,Insectes,Arthropodes,ade,15,233
"Adelencyrtus <b><span style=""color:#02138e"">(nom valide)</span></b>",208306,Adelencyrtus!208306,Animalia,Insectes,Arthropodes,ade,15,234
"Adelges <b><span style=""color:#02138e"">(nom valide)</span></b>",208009,Adelges!208009,Animalia,Insectes,Arthropodes,ade,15,235
"Adelina <b><span style=""color:#02138e"">(nom valide)</span></b>",640339,Adelina!640339,Animalia,Insectes,Arthropodes,ade,15,236
"Adelius <b><span style=""color:#02138e"">(nom valide)</span></b>",209159,Adelius!209159,Animalia,Insectes,Arthropodes,ade,15,237
"Adelognathus <b><span style=""color:#02138e"">(nom valide)</span></b>",209710,Adelognathus!209710,Animalia,Insectes,Arthropodes,ade,15,238
"Adelphocoris <b><span style=""color:#02138e"">(nom valide)</span></b>",188817,Adelphocoris!188817,Animalia,Insectes,Arthropodes,ade,15,239
"Ademon <b><span style=""color:#02138e"">(nom valide)</span></b>",209174,Ademon!209174,Animalia,Insectes,Arthropodes,ade,15,240
"Adenomeris <b><span style=""color:#02138e"">(nom valide)</span></b>",212724,Adenomeris!212724,Animalia,Myriapodes,Arthropodes,ade,15,241
"Adenoptus <b><span style=""color:#02138e"">(nom valide)</span></b>",201871,Adenoptus!201871,Animalia,Arachnides,Arthropodes,ade,15,242
"Aderus <b><span style=""color:#02138e"">(nom valide)</span></b>",204347,Aderus!204347,Animalia,Insectes,Arthropodes,ade,15,243
"Adeuomphalus <b><span style=""color:#02138e"">(nom valide)</span></b>",357531,Adeuomphalus!357531,Animalia,Gastéropodes,Mollusques,ade,15,244
"Adexius <b><span style=""color:#02138e"">(nom valide)</span></b>",188821,Adexius!188821,Animalia,Insectes,Arthropodes,ade,15,245
"Adia <b><span style=""color:#02138e"">(nom valide)</span></b>",188822,Adia!188822,Animalia,Insectes,Arthropodes,adi,15,246
"Adialytus <b><span style=""color:#02138e"">(nom valide)</span></b>",209171,Adialytus!209171,Animalia,Insectes,Arthropodes,adi,15,247
"Adicella <b><span style=""color:#02138e"">(nom valide)</span></b>",188824,Adicella!188824,Animalia,Insectes,Arthropodes,adi,15,248
"Adinaefiola <b><span style=""color:#02138e"">(nom valide)</span></b>",972250,Adinaefiola!972250,Animalia,Céphalopodes,Mollusques,adi,15,249
"Adiscodiaspis <b><span style=""color:#02138e"">(nom valide)</span></b>",207852,Adiscodiaspis!207852,Animalia,Insectes,Arthropodes,adi,15,250
"Adistemia <b><span style=""color:#02138e"">(nom valide)</span></b>",203927,Adistemia!203927,Animalia,Insectes,Arthropodes,adi,15,251
"Admontia <b><span style=""color:#02138e"">(nom valide)</span></b>",188826,Admontia!188826,Animalia,Insectes,Arthropodes,adm,15,252
"Adomerus <b><span style=""color:#02138e"">(nom valide)</span></b>",207500,Adomerus!207500,Animalia,Insectes,Arthropodes,ado,15,253
"Adontorhina <b><span style=""color:#02138e"">(nom valide)</span></b>",936493,Adontorhina!936493,Animalia,Bivalves,Mollusques,ado,15,254
"Adoxomyia <b><span style=""color:#02138e"">(nom valide)</span></b>",205933,Adoxomyia!205933,Animalia,Insectes,Arthropodes,ado,15,255
"Adoxophyes <b><span style=""color:#02138e"">(nom valide)</span></b>",211569,Adoxophyes!211569,Animalia,Insectes,Arthropodes,ado,15,256
"Adrastus <b><span style=""color:#02138e"">(nom valide)</span></b>",188830,Adrastus!188830,Animalia,Insectes,Arthropodes,adr,15,257
"Adscita <b><span style=""color:#02138e"">(nom valide)</span></b>",211691,Adscita!211691,Animalia,Insectes,Arthropodes,ads,15,258
"Aedes <b><span style=""color:#02138e"">(nom valide)</span></b>",188832,Aedes!188832,Animalia,Insectes,Arthropodes,aed,15,259
"Aedia <b><span style=""color:#02138e"">(nom valide)</span></b>",211051,Aedia!211051,Animalia,Insectes,Arthropodes,aed,15,260
"Aega <b><span style=""color:#02138e"">(nom valide)</span></b>",356004,Aega!356004,Animalia,Crustacés,Arthropodes,aeg,15,261
"Aegaeon <b><span style=""color:#02138e"">(nom valide)</span></b>",352719,Aegaeon!352719,Animalia,Crustacés,Arthropodes,aeg,15,262
"Aegapheles <b><span style=""color:#02138e"">(nom valide)</span></b>",526126,Aegapheles!526126,Animalia,Crustacés,Arthropodes,aeg,15,263
"Aegialia <b><span style=""color:#02138e"">(nom valide)</span></b>",188833,Aegialia!188833,Animalia,Insectes,Arthropodes,aeg,15,264
"Aegires <b><span style=""color:#02138e"">(nom valide)</span></b>",188837,Aegires!188837,Animalia,Gastéropodes,Mollusques,aeg,15,265
"Aegisthus <b><span style=""color:#02138e"">(nom valide)</span></b>",356212,Aegisthus!356212,Animalia,Crustacés,Arthropodes,aeg,15,266
"Aegithalos <b><span style=""color:#02138e"">(nom valide)</span></b>",188838,Aegithalos!188838,Animalia,Oiseaux,Chordés,aeg,15,267
"Aegolius <b><span style=""color:#02138e"">(nom valide)</span></b>",188839,Aegolius!188839,Animalia,Oiseaux,Chordés,aeg,15,268
"Aegomorphus <b><span style=""color:#02138e"">(nom valide)</span></b>",203668,Aegomorphus!203668,Animalia,Insectes,Arthropodes,aeg,15,269
"Aegopinella <b><span style=""color:#02138e"">(nom valide)</span></b>",188840,Aegopinella!188840,Animalia,Gastéropodes,Mollusques,aeg,15,270
"Aegosoma <b><span style=""color:#02138e"">(nom valide)</span></b>",203687,Aegosoma!203687,Animalia,Insectes,Arthropodes,aeg,15,271
"Aegypius <b><span style=""color:#02138e"">(nom valide)</span></b>",188842,Aegypius!188842,Animalia,Oiseaux,Chordés,aeg,15,272
"Aeletes <b><span style=""color:#02138e"">(nom valide)</span></b>",204906,Aeletes!204906,Animalia,Insectes,Arthropodes,ael,15,273
"Aelia <b><span style=""color:#02138e"">(nom valide)</span></b>",188843,Aelia!188843,Animalia,Insectes,Arthropodes,ael,15,274
"Aellopus <b><span style=""color:#02138e"">(nom valide)</span></b>",207451,Aellopus!207451,Animalia,Insectes,Arthropodes,ael,15,275
"Aelurillus <b><span style=""color:#02138e"">(nom valide)</span></b>",188844,Aelurillus!188844,Animalia,Arachnides,Arthropodes,ael,15,276
"Aenigmatias <b><span style=""color:#02138e"">(nom valide)</span></b>",205826,Aenigmatias!205826,Animalia,Insectes,Arthropodes,aen,15,277
"Aeolidia <b><span style=""color:#02138e"">(nom valide)</span></b>",188848,Aeolidia!188848,Animalia,Gastéropodes,Mollusques,aeo,15,278
"Aeolidiella <b><span style=""color:#02138e"">(nom valide)</span></b>",188849,Aeolidiella!188849,Animalia,Gastéropodes,Mollusques,aeo,15,279
"Aeoloderma <b><span style=""color:#02138e"">(nom valide)</span></b>",204719,Aeoloderma!204719,Animalia,Insectes,Arthropodes,aeo,15,280
"Aeolothrips <b><span style=""color:#02138e"">(nom valide)</span></b>",212170,Aeolothrips!212170,Animalia,Insectes,Arthropodes,aeo,15,281
"Aeolus <b><span style=""color:#02138e"">(nom valide)</span></b>",204723,Aeolus!204723,Animalia,Insectes,Arthropodes,aeo,15,282
"Aepophilus <b><span style=""color:#02138e"">(nom valide)</span></b>",207317,Aepophilus!207317,Animalia,Insectes,Arthropodes,aep,15,283
"Aepus <b><span style=""color:#02138e"">(nom valide)</span></b>",203417,Aepus!203417,Animalia,Insectes,Arthropodes,aep,15,284
"Aequipecten <b><span style=""color:#02138e"">(nom valide)</span></b>",188852,Aequipecten!188852,Animalia,Bivalves,Mollusques,aeq,15,285
"Aequsomatus <b><span style=""color:#02138e"">(nom valide)</span></b>",201832,Aequsomatus!201832,Animalia,Arachnides,Arthropodes,aeq,15,286
"Aeropedellus <b><span style=""color:#02138e"">(nom valide)</span></b>",188854,Aeropedellus!188854,Animalia,Insectes,Arthropodes,aer,15,287
"Aesalus <b><span style=""color:#02138e"">(nom valide)</span></b>",200274,Aesalus!200274,Animalia,Insectes,Arthropodes,aes,15,288
"Aeshna <b><span style=""color:#02138e"">(nom valide)</span></b>",188857,Aeshna!188857,Animalia,Insectes,Arthropodes,aes,15,289
"Aetacarus <b><span style=""color:#02138e"">(nom valide)</span></b>",201190,Aetacarus!201190,Animalia,Arachnides,Arthropodes,aet,15,290
"Aethalura <b><span style=""color:#02138e"">(nom valide)</span></b>",210618,Aethalura!210618,Animalia,Insectes,Arthropodes,aet,15,291
"Aethecerus <b><span style=""color:#02138e"">(nom valide)</span></b>",209691,Aethecerus!209691,Animalia,Insectes,Arthropodes,aet,15,292
"Aethes <b><span style=""color:#02138e"">(nom valide)</span></b>",211581,Aethes!211581,Animalia,Insectes,Arthropodes,aet,15,293
"Aethiopellina <b><span style=""color:#02138e"">(nom valide)</span></b>",203087,Aethiopellina!203087,Animalia,Entognathes,Arthropodes,aet,15,294
"Aethus <b><span style=""color:#02138e"">(nom valide)</span></b>",188861,Aethus!188861,Animalia,Insectes,Arthropodes,aet,15,295
"Aetideopsis <b><span style=""color:#02138e"">(nom valide)</span></b>",352857,Aetideopsis!352857,Animalia,Crustacés,Arthropodes,aet,15,296
"Aetideus <b><span style=""color:#02138e"">(nom valide)</span></b>",352853,Aetideus!352853,Animalia,Crustacés,Arthropodes,aet,15,297
"Aetomylaeus <b><span style=""color:#02138e"">(nom valide)</span></b>",419406,Aetomylaeus!419406,Animalia,Poissons,Chordés,aet,15,298
"Aforia <b><span style=""color:#02138e"">(nom valide)</span></b>",669366,Aforia!669366,Animalia,Gastéropodes,Mollusques,afo,15,299
"Afriberina <b><span style=""color:#02138e"">(nom valide)</span></b>",210624,Afriberina!210624,Animalia,Insectes,Arthropodes,afr,15,300
"Africorchestia <b><span style=""color:#02138e"">(nom valide)</span></b>",781326,Africorchestia!781326,Animalia,Crustacés,Arthropodes,afr,15,301
"Afrogethes <b><span style=""color:#02138e"">(nom valide)</span></b>",793433,Afrogethes!793433,Animalia,Insectes,Arthropodes,afr,15,302
"Afroleptastacus <b><span style=""color:#02138e"">(nom valide)</span></b>",780320,Afroleptastacus!780320,Animalia,Crustacés,Arthropodes,afr,15,303
"Agabiformius <b><span style=""color:#02138e"">(nom valide)</span></b>",202742,Agabiformius!202742,Animalia,Crustacés,Arthropodes,aga,15,304
"Agabus <b><span style=""color:#02138e"">(nom valide)</span></b>",188863,Agabus!188863,Animalia,Insectes,Arthropodes,aga,15,305
"Agalenatea <b><span style=""color:#02138e"">(nom valide)</span></b>",188864,Agalenatea!188864,Animalia,Arachnides,Arthropodes,aga,15,306
"Agallia <b><span style=""color:#02138e"">(nom valide)</span></b>",188865,Agallia!188865,Animalia,Insectes,Arthropodes,aga,15,307
"Agalmatium <b><span style=""color:#02138e"">(nom valide)</span></b>",207020,Agalmatium!207020,Animalia,Insectes,Arthropodes,aga,15,308
"Aganaspis <b><span style=""color:#02138e"">(nom valide)</span></b>",208916,Aganaspis!208916,Animalia,Insectes,Arthropodes,aga,15,309
"Agapanthia <b><span style=""color:#02138e"">(nom valide)</span></b>",188866,Agapanthia!188866,Animalia,Insectes,Arthropodes,aga,15,310
"Agapeta <b><span style=""color:#02138e"">(nom valide)</span></b>",211521,Agapeta!211521,Animalia,Insectes,Arthropodes,aga,15,311
"Agapetus <b><span style=""color:#02138e"">(nom valide)</span></b>",188868,Agapetus!188868,Animalia,Insectes,Arthropodes,aga,15,312
"Agapornis <b><span style=""color:#02138e"">(nom valide)</span></b>",418624,Agapornis!418624,Animalia,Oiseaux,Chordés,aga,15,313
"Agaricochara <b><span style=""color:#02138e"">(nom valide)</span></b>",639133,Agaricochara!639133,Animalia,Insectes,Arthropodes,aga,15,314
"Agaricophagus <b><span style=""color:#02138e"">(nom valide)</span></b>",204970,Agaricophagus!204970,Animalia,Insectes,Arthropodes,aga,15,315
"Agasthenes <b><span style=""color:#02138e"">(nom valide)</span></b>",209683,Agasthenes!209683,Animalia,Insectes,Arthropodes,aga,15,316
"Agathidium <b><span style=""color:#02138e"">(nom valide)</span></b>",188870,Agathidium!188870,Animalia,Insectes,Arthropodes,aga,15,317
"Agathis <b><span style=""color:#02138e"">(nom valide)</span></b>",209064,Agathis!209064,Animalia,Insectes,Arthropodes,aga,15,318
"Agathomyia <b><span style=""color:#02138e"">(nom valide)</span></b>",188871,Agathomyia!188871,Animalia,Insectes,Arthropodes,aga,15,319
"Agathotanais <b><span style=""color:#02138e"">(nom valide)</span></b>",937708,Agathotanais!937708,Animalia,Crustacés,Arthropodes,aga,15,320
"Agaue <b><span style=""color:#02138e"">(nom valide)</span></b>",352698,Agaue!352698,Animalia,Arachnides,Arthropodes,aga,15,321
"Agauopsis <b><span style=""color:#02138e"">(nom valide)</span></b>",352696,Agauopsis!352696,Animalia,Arachnides,Arthropodes,aga,15,322
"Agdistis <b><span style=""color:#02138e"">(nom valide)</span></b>",211240,Agdistis!211240,Animalia,Insectes,Arthropodes,agd,15,323
"Agelastica <b><span style=""color:#02138e"">(nom valide)</span></b>",188875,Agelastica!188875,Animalia,Insectes,Arthropodes,age,15,324
"Agelena <b><span style=""color:#02138e"">(nom valide)</span></b>",188876,Agelena!188876,Animalia,Arachnides,Arthropodes,age,15,325
"Ageniaspis <b><span style=""color:#02138e"">(nom valide)</span></b>",208320,Ageniaspis!208320,Animalia,Insectes,Arthropodes,age,15,326
"Agenioideus <b><span style=""color:#02138e"">(nom valide)</span></b>",209996,Agenioideus!209996,Animalia,Insectes,Arthropodes,age,15,327
"Agetus <b><span style=""color:#02138e"">(nom valide)</span></b>",356535,Agetus!356535,Animalia,Crustacés,Arthropodes,age,15,328
"Agistemus <b><span style=""color:#02138e"">(nom valide)</span></b>",720169,Agistemus!720169,Animalia,Arachnides,Arthropodes,agi,15,329
"Aglais <b><span style=""color:#02138e"">(nom valide)</span></b>",188880,Aglais!188880,Animalia,Insectes,Arthropodes,agl,15,330
"Aglaja <b><span style=""color:#02138e"">(nom valide)</span></b>",188881,Aglaja!188881,Animalia,Gastéropodes,Mollusques,agl,15,331
"Aglaoapis <b><span style=""color:#02138e"">(nom valide)</span></b>",208066,Aglaoapis!208066,Animalia,Insectes,Arthropodes,agl,15,332
"Aglaojoppa <b><span style=""color:#02138e"">(nom valide)</span></b>",209679,Aglaojoppa!209679,Animalia,Insectes,Arthropodes,agl,15,333
"Aglaope <b><span style=""color:#02138e"">(nom valide)</span></b>",211687,Aglaope!211687,Animalia,Insectes,Arthropodes,agl,15,334
"Aglaostigma <b><span style=""color:#02138e"">(nom valide)</span></b>",188885,Aglaostigma!188885,Animalia,Insectes,Arthropodes,agl,15,335
"Aglena <b><span style=""color:#02138e"">(nom valide)</span></b>",206861,Aglena!206861,Animalia,Insectes,Arthropodes,agl,15,336
"Aglenus <b><span style=""color:#02138e"">(nom valide)</span></b>",204469,Aglenus!204469,Animalia,Insectes,Arthropodes,agl,15,337
"Aglia <b><span style=""color:#02138e"">(nom valide)</span></b>",188887,Aglia!188887,Animalia,Insectes,Arthropodes,agl,15,338
"Aglossa <b><span style=""color:#02138e"">(nom valide)</span></b>",211371,Aglossa!211371,Animalia,Insectes,Arthropodes,agl,15,339
"Agnathosia <b><span style=""color:#02138e"">(nom valide)</span></b>",211480,Agnathosia!211480,Animalia,Insectes,Arthropodes,agn,15,340
"Agnathus <b><span style=""color:#02138e"">(nom valide)</span></b>",204461,Agnathus!204461,Animalia,Insectes,Arthropodes,agn,15,341
"Agnocoris <b><span style=""color:#02138e"">(nom valide)</span></b>",207255,Agnocoris!207255,Animalia,Insectes,Arthropodes,agn,15,342
"Agnoea <b><span style=""color:#02138e"">(nom valide)</span></b>",902991,Agnoea!902991,Animalia,Insectes,Arthropodes,agn,15,343
"Agnyphantes <b><span style=""color:#02138e"">(nom valide)</span></b>",202393,Agnyphantes!202393,Animalia,Arachnides,Arthropodes,agn,15,344
"Agoliinus <b><span style=""color:#02138e"">(nom valide)</span></b>",200275,Agoliinus!200275,Animalia,Insectes,Arthropodes,ago,15,345
"Agolius <b><span style=""color:#02138e"">(nom valide)</span></b>",200276,Agolius!200276,Animalia,Insectes,Arthropodes,ago,15,346
"Agonochaetia <b><span style=""color:#02138e"">(nom valide)</span></b>",210299,Agonochaetia!210299,Animalia,Insectes,Arthropodes,ago,15,347
"Agonopterix <b><span style=""color:#02138e"">(nom valide)</span></b>",210292,Agonopterix!210292,Animalia,Insectes,Arthropodes,ago,15,348
"Agonoscena <b><span style=""color:#02138e"">(nom valide)</span></b>",208028,Agonoscena!208028,Animalia,Insectes,Arthropodes,ago,15,349
"Agonum <b><span style=""color:#02138e"">(nom valide)</span></b>",188889,Agonum!188889,Animalia,Insectes,Arthropodes,ago,15,350
"Agonus <b><span style=""color:#02138e"">(nom valide)</span></b>",188890,Agonus!188890,Animalia,Poissons,Chordés,ago,15,351
"Agostinia <b><span style=""color:#02138e"">(nom valide)</span></b>",203446,Agostinia!203446,Animalia,Insectes,Arthropodes,ago,15,352
"Agraecina <b><span style=""color:#02138e"">(nom valide)</span></b>",188892,Agraecina!188892,Animalia,Arachnides,Arthropodes,agr,15,353
"Agramma <b><span style=""color:#02138e"">(nom valide)</span></b>",207296,Agramma!207296,Animalia,Insectes,Arthropodes,agr,15,354
"Agraphopus <b><span style=""color:#02138e"">(nom valide)</span></b>",207382,Agraphopus!207382,Animalia,Insectes,Arthropodes,agr,15,355
"Agraylea <b><span style=""color:#02138e"">(nom valide)</span></b>",188893,Agraylea!188893,Animalia,Insectes,Arthropodes,agr,15,356
"Agrenia <b><span style=""color:#02138e"">(nom valide)</span></b>",203011,Agrenia!203011,Animalia,Entognathes,Arthropodes,agr,15,357
"Agria <b><span style=""color:#02138e"">(nom valide)</span></b>",188894,Agria!188894,Animalia,Insectes,Arthropodes,agr,15,358
"Agriades <b><span style=""color:#02138e"">(nom valide)</span></b>",610342,Agriades!610342,Animalia,Insectes,Arthropodes,agr,15,359
"Agrilinus <b><span style=""color:#02138e"">(nom valide)</span></b>",200277,Agrilinus!200277,Animalia,Insectes,Arthropodes,agr,15,360
"Agrilocida <b><span style=""color:#02138e"">(nom valide)</span></b>",208555,Agrilocida!208555,Animalia,Insectes,Arthropodes,agr,15,361
"Agrilus <b><span style=""color:#02138e"">(nom valide)</span></b>",188896,Agrilus!188896,Animalia,Insectes,Arthropodes,agr,15,362
"Agriopis <b><span style=""color:#02138e"">(nom valide)</span></b>",210584,Agriopis!210584,Animalia,Insectes,Arthropodes,agr,15,363
"Agriotes <b><span style=""color:#02138e"">(nom valide)</span></b>",188898,Agriotes!188898,Animalia,Insectes,Arthropodes,agr,15,364
"Agriotypus <b><span style=""color:#02138e"">(nom valide)</span></b>",188899,Agriotypus!188899,Animalia,Insectes,Arthropodes,agr,15,365
"Agriphila <b><span style=""color:#02138e"">(nom valide)</span></b>",214847,Agriphila!214847,Animalia,Insectes,Arthropodes,agr,15,366
"Agrius <b><span style=""color:#02138e"">(nom valide)</span></b>",188900,Agrius!188900,Animalia,Insectes,Arthropodes,agr,15,367
"Agrochola <b><span style=""color:#02138e"">(nom valide)</span></b>",211025,Agrochola!211025,Animalia,Insectes,Arthropodes,agr,15,368
"Agroeca <b><span style=""color:#02138e"">(nom valide)</span></b>",188904,Agroeca!188904,Animalia,Arachnides,Arthropodes,agr,15,369
"Agromyza <b><span style=""color:#02138e"">(nom valide)</span></b>",188906,Agromyza!188906,Animalia,Insectes,Arthropodes,agr,15,370
"Agrostothrips <b><span style=""color:#02138e"">(nom valide)</span></b>",212224,Agrostothrips!212224,Animalia,Insectes,Arthropodes,agr,15,371
"Agrotera <b><span style=""color:#02138e"">(nom valide)</span></b>",214821,Agrotera!214821,Animalia,Insectes,Arthropodes,agr,15,372
"Agrothereutes <b><span style=""color:#02138e"">(nom valide)</span></b>",209677,Agrothereutes!209677,Animalia,Insectes,Arthropodes,agr,15,373
"Agrotis <b><span style=""color:#02138e"">(nom valide)</span></b>",211055,Agrotis!211055,Animalia,Insectes,Arthropodes,agr,15,374
"Agrypnia <b><span style=""color:#02138e"">(nom valide)</span></b>",188910,Agrypnia!188910,Animalia,Insectes,Arthropodes,agr,15,375
"Agrypnus <b><span style=""color:#02138e"">(nom valide)</span></b>",204746,Agrypnus!204746,Animalia,Insectes,Arthropodes,agr,15,376
"Agrypon <b><span style=""color:#02138e"">(nom valide)</span></b>",209673,Agrypon!209673,Animalia,Insectes,Arthropodes,agr,15,377
"Aguriahana <b><span style=""color:#02138e"">(nom valide)</span></b>",206797,Aguriahana!206797,Animalia,Insectes,Arthropodes,agu,15,378
"Agyneta <b><span style=""color:#02138e"">(nom valide)</span></b>",202417,Agyneta!202417,Animalia,Arachnides,Arthropodes,agy,15,379
"Agyrtes <b><span style=""color:#02138e"">(nom valide)</span></b>",204949,Agyrtes!204949,Animalia,Insectes,Arthropodes,agy,15,380
"Ahasverus <b><span style=""color:#02138e"">(nom valide)</span></b>",203965,Ahasverus!203965,Animalia,Insectes,Arthropodes,aha,15,381
"Aidablennius <b><span style=""color:#02138e"">(nom valide)</span></b>",353039,Aidablennius!353039,Animalia,Poissons,Chordés,aid,15,382
"Aigondiceps <b><span style=""color:#02138e"">(nom valide)</span></b>",356483,Aigondiceps!356483,Animalia,Crustacés,Arthropodes,aig,15,383
"Aiolopus <b><span style=""color:#02138e"">(nom valide)</span></b>",188913,Aiolopus!188913,Animalia,Insectes,Arthropodes,aio,15,384
"Airaphilus <b><span style=""color:#02138e"">(nom valide)</span></b>",188916,Airaphilus!188916,Animalia,Insectes,Arthropodes,air,15,385
"Aix <b><span style=""color:#02138e"">(nom valide)</span></b>",188918,Aix!188918,Animalia,Oiseaux,Chordés,aix,15,386
"Aizobius <b><span style=""color:#02138e"">(nom valide)</span></b>",204006,Aizobius!204006,Animalia,Insectes,Arthropodes,aiz,15,387
"Akanthinotanais <b><span style=""color:#02138e"">(nom valide)</span></b>",835276,Akanthinotanais!835276,Animalia,Crustacés,Arthropodes,aka,15,388
"Akanthophoreus <b><span style=""color:#02138e"">(nom valide)</span></b>",937719,Akanthophoreus!937719,Animalia,Crustacés,Arthropodes,aka,15,389
"Akera <b><span style=""color:#02138e"">(nom valide)</span></b>",188921,Akera!188921,Animalia,Gastéropodes,Mollusques,ake,15,390
"Akimerus <b><span style=""color:#02138e"">(nom valide)</span></b>",188922,Akimerus!188922,Animalia,Insectes,Arthropodes,aki,15,391
"Akis <b><span style=""color:#02138e"">(nom valide)</span></b>",188923,Akis!188923,Animalia,Insectes,Arthropodes,aki,15,392
"Akritogyra <b><span style=""color:#02138e"">(nom valide)</span></b>",971849,Akritogyra!971849,Animalia,Gastéropodes,Mollusques,akr,15,393
"Alabidocarpus <b><span style=""color:#02138e"">(nom valide)</span></b>",885026,Alabidocarpus!885026,Animalia,Arachnides,Arthropodes,ala,15,394
"Alabonia <b><span style=""color:#02138e"">(nom valide)</span></b>",210415,Alabonia!210415,Animalia,Insectes,Arthropodes,ala,15,395
"Alacia <b><span style=""color:#02138e"">(nom valide)</span></b>",930343,Alacia!930343,Animalia,Crustacés,Arthropodes,ala,15,396
"Alainites <b><span style=""color:#02138e"">(nom valide)</span></b>",188925,Alainites!188925,Animalia,Insectes,Arthropodes,ala,15,397
"Alamprops <b><span style=""color:#02138e"">(nom valide)</span></b>",940401,Alamprops!940401,Animalia,Crustacés,Arthropodes,ala,15,398
"Alaocephala <b><span style=""color:#02138e"">(nom valide)</span></b>",188926,Alaocephala!188926,Animalia,Insectes,Arthropodes,ala,15,399
"Alaocyba <b><span style=""color:#02138e"">(nom valide)</span></b>",188927,Alaocyba!188927,Animalia,Insectes,Arthropodes,ala,15,400
"Alaptus <b><span style=""color:#02138e"">(nom valide)</span></b>",208510,Alaptus!208510,Animalia,Insectes,Arthropodes,ala,15,401
"Alastor <b><span style=""color:#02138e"">(nom valide)</span></b>",210068,Alastor!210068,Animalia,Insectes,Arthropodes,ala,15,402
"Alauda <b><span style=""color:#02138e"">(nom valide)</span></b>",188928,Alauda!188928,Animalia,Oiseaux,Chordés,ala,15,403
"Alaudala <b><span style=""color:#02138e"">(nom valide)</span></b>",885379,Alaudala!885379,Animalia,Oiseaux,Chordés,ala,15,404
"Albana <b><span style=""color:#02138e"">(nom valide)</span></b>",188929,Albana!188929,Animalia,Insectes,Arthropodes,alb,15,405
"Albaxona <b><span style=""color:#02138e"">(nom valide)</span></b>",201676,Albaxona!201676,Animalia,Arachnides,Arthropodes,alb,15,406
"Albia <b><span style=""color:#02138e"">(nom valide)</span></b>",201675,Albia!201675,Animalia,Arachnides,Arthropodes,alb,15,407
"Albunea <b><span style=""color:#02138e"">(nom valide)</span></b>",349949,Albunea!349949,Animalia,Crustacés,Arthropodes,alb,15,408
"Alburnoides <b><span style=""color:#02138e"">(nom valide)</span></b>",188934,Alburnoides!188934,Animalia,Poissons,Chordés,alb,15,409
"Alburnus <b><span style=""color:#02138e"">(nom valide)</span></b>",188935,Alburnus!188935,Animalia,Poissons,Chordés,alb,15,410
"Alca <b><span style=""color:#02138e"">(nom valide)</span></b>",188936,Alca!188936,Animalia,Oiseaux,Chordés,alc,15,411
"Alcedo <b><span style=""color:#02138e"">(nom valide)</span></b>",188938,Alcedo!188938,Animalia,Oiseaux,Chordés,alc,15,412
"Alces <b><span style=""color:#02138e"">(nom valide)</span></b>",188939,Alces!188939,Animalia,Mammifères,Chordés,alc,15,413
"Alcima <b><span style=""color:#02138e"">(nom valide)</span></b>",209671,Alcima!209671,Animalia,Insectes,Arthropodes,alc,15,414
"Alcis <b><span style=""color:#02138e"">(nom valide)</span></b>",210497,Alcis!210497,Animalia,Insectes,Arthropodes,alc,15,415
"Alderella <b><span style=""color:#02138e"">(nom valide)</span></b>",354232,Alderella!354232,Animalia,Gastéropodes,Mollusques,ald,15,416
"Alderia <b><span style=""color:#02138e"">(nom valide)</span></b>",188943,Alderia!188943,Animalia,Gastéropodes,Mollusques,ald,15,417
"Aldisa <b><span style=""color:#02138e"">(nom valide)</span></b>",188944,Aldisa!188944,Animalia,Gastéropodes,Mollusques,ald,15,418
"Alebra <b><span style=""color:#02138e"">(nom valide)</span></b>",206872,Alebra!206872,Animalia,Insectes,Arthropodes,ale,15,419
"Alectoris <b><span style=""color:#02138e"">(nom valide)</span></b>",188950,Alectoris!188950,Animalia,Oiseaux,Chordés,ale,15,420
"Alectorobius <b><span style=""color:#02138e"">(nom valide)</span></b>",202048,Alectorobius!202048,Animalia,Arachnides,Arthropodes,ale,15,421
"Aleimma <b><span style=""color:#02138e"">(nom valide)</span></b>",211628,Aleimma!211628,Animalia,Insectes,Arthropodes,ale,15,422
"Aleiodes <b><span style=""color:#02138e"">(nom valide)</span></b>",209105,Aleiodes!209105,Animalia,Insectes,Arthropodes,ale,15,423
"Alella <b><span style=""color:#02138e"">(nom valide)</span></b>",353006,Alella!353006,Animalia,Crustacés,Arthropodes,ale,15,424
"Aleochara <b><span style=""color:#02138e"">(nom valide)</span></b>",188952,Aleochara!188952,Animalia,Insectes,Arthropodes,ale,15,425
"Alepisaurus <b><span style=""color:#02138e"">(nom valide)</span></b>",188954,Alepisaurus!188954,Animalia,Poissons,Chordés,ale,15,426
"Alepocephalus <b><span style=""color:#02138e"">(nom valide)</span></b>",188955,Alepocephalus!188955,Animalia,Poissons,Chordés,ale,15,427
"Aletinus <b><span style=""color:#02138e"">(nom valide)</span></b>",793462,Aletinus!793462,Animalia,Insectes,Arthropodes,ale,15,428
"Aleucis <b><span style=""color:#02138e"">(nom valide)</span></b>",210473,Aleucis!210473,Animalia,Insectes,Arthropodes,ale,15,429
"Aleurochiton <b><span style=""color:#02138e"">(nom valide)</span></b>",207577,Aleurochiton!207577,Animalia,Insectes,Arthropodes,ale,15,430
"Aleuroclava <b><span style=""color:#02138e"">(nom valide)</span></b>",207576,Aleuroclava!207576,Animalia,Insectes,Arthropodes,ale,15,431
"Aleurodamaeus <b><span style=""color:#02138e"">(nom valide)</span></b>",201385,Aleurodamaeus!201385,Animalia,Arachnides,Arthropodes,ale,15,432
"Aleurolobus <b><span style=""color:#02138e"">(nom valide)</span></b>",207573,Aleurolobus!207573,Animalia,Insectes,Arthropodes,ale,15,433
"Aleuropteryx <b><span style=""color:#02138e"">(nom valide)</span></b>",211728,Aleuropteryx!211728,Animalia,Insectes,Arthropodes,ale,15,434
"Aleurothrixus <b><span style=""color:#02138e"">(nom valide)</span></b>",207572,Aleurothrixus!207572,Animalia,Insectes,Arthropodes,ale,15,435
"Aleurotrachelus <b><span style=""color:#02138e"">(nom valide)</span></b>",207590,Aleurotrachelus!207590,Animalia,Insectes,Arthropodes,ale,15,436
"Aleurotuba <b><span style=""color:#02138e"">(nom valide)</span></b>",207584,Aleurotuba!207584,Animalia,Insectes,Arthropodes,ale,15,437
"Aleuroviggianus <b><span style=""color:#02138e"">(nom valide)</span></b>",207588,Aleuroviggianus!207588,Animalia,Insectes,Arthropodes,ale,15,438
"Alevonota <b><span style=""color:#02138e"">(nom valide)</span></b>",639134,Alevonota!639134,Animalia,Insectes,Arthropodes,ale,15,439
"Alexeter <b><span style=""color:#02138e"">(nom valide)</span></b>",209682,Alexeter!209682,Animalia,Insectes,Arthropodes,ale,15,440
"Aleyrodes <b><span style=""color:#02138e"">(nom valide)</span></b>",207582,Aleyrodes!207582,Animalia,Insectes,Arthropodes,ale,15,441
"Algyroides <b><span style=""color:#02138e"">(nom valide)</span></b>",188961,Algyroides!188961,Animalia,Reptiles,Chordés,alg,15,442
"Alianta <b><span style=""color:#02138e"">(nom valide)</span></b>",639135,Alianta!639135,Animalia,Insectes,Arthropodes,ali,15,443
"Alinda <b><span style=""color:#02138e"">(nom valide)</span></b>",458663,Alinda!458663,Animalia,Gastéropodes,Mollusques,ali,15,444
"Alioranus <b><span style=""color:#02138e"">(nom valide)</span></b>",202327,Alioranus!202327,Animalia,Arachnides,Arthropodes,ali,15,445
"Allacma <b><span style=""color:#02138e"">(nom valide)</span></b>",203204,Allacma!203204,Animalia,Entognathes,Arthropodes,all,15,446
"Allagelena <b><span style=""color:#02138e"">(nom valide)</span></b>",457247,Allagelena!457247,Animalia,Arachnides,Arthropodes,all,15,447
"Allajulus <b><span style=""color:#02138e"">(nom valide)</span></b>",212498,Allajulus!212498,Animalia,Myriapodes,Arthropodes,all,15,448
"Allandrus <b><span style=""color:#02138e"">(nom valide)</span></b>",203968,Allandrus!203968,Animalia,Insectes,Arthropodes,all,15,449
"Allantus <b><span style=""color:#02138e"">(nom valide)</span></b>",188966,Allantus!188966,Animalia,Insectes,Arthropodes,all,15,450
"Alle <b><span style=""color:#02138e"">(nom valide)</span></b>",188968,Alle!188968,Animalia,Oiseaux,Chordés,all,15,451
"Allecula <b><span style=""color:#02138e"">(nom valide)</span></b>",204571,Allecula!204571,Animalia,Insectes,Arthropodes,all,15,452
"Allepyris <b><span style=""color:#02138e"">(nom valide)</span></b>",208798,Allepyris!208798,Animalia,Insectes,Arthropodes,all,15,453
"Alliopsis <b><span style=""color:#02138e"">(nom valide)</span></b>",188970,Alliopsis!188970,Animalia,Insectes,Arthropodes,all,15,454
"Alloborborus <b><span style=""color:#02138e"">(nom valide)</span></b>",188972,Alloborborus!188972,Animalia,Insectes,Arthropodes,all,15,455
"Allocaeculus <b><span style=""color:#02138e"">(nom valide)</span></b>",201609,Allocaeculus!201609,Animalia,Arachnides,Arthropodes,all,15,456
"Allochernes <b><span style=""color:#02138e"">(nom valide)</span></b>",201071,Allochernes!201071,Animalia,Arachnides,Arthropodes,all,15,457
"Allocladius <b><span style=""color:#02138e"">(nom valide)</span></b>",727243,Allocladius!727243,Animalia,Insectes,Arthropodes,all,15,458
"Alloclemensia <b><span style=""color:#02138e"">(nom valide)</span></b>",210755,Alloclemensia!210755,Animalia,Insectes,Arthropodes,all,15,459
"Alloclita <b><span style=""color:#02138e"">(nom valide)</span></b>",210276,Alloclita!210276,Animalia,Insectes,Arthropodes,all,15,460
"Allocotaphis <b><span style=""color:#02138e"">(nom valide)</span></b>",207769,Allocotaphis!207769,Animalia,Insectes,Arthropodes,all,15,461
"Allocotocera <b><span style=""color:#02138e"">(nom valide)</span></b>",188975,Allocotocera!188975,Animalia,Insectes,Arthropodes,all,15,462
"Allocyttus <b><span style=""color:#02138e"">(nom valide)</span></b>",353066,Allocyttus!353066,Animalia,Poissons,Chordés,all,15,463
"Allodia <b><span style=""color:#02138e"">(nom valide)</span></b>",188977,Allodia!188977,Animalia,Insectes,Arthropodes,all,15,464
"Allodiopsis <b><span style=""color:#02138e"">(nom valide)</span></b>",188978,Allodiopsis!188978,Animalia,Insectes,Arthropodes,all,15,465
"Allodynerus <b><span style=""color:#02138e"">(nom valide)</span></b>",210077,Allodynerus!210077,Animalia,Insectes,Arthropodes,all,15,466
"Alloeomimus <b><span style=""color:#02138e"">(nom valide)</span></b>",207224,Alloeomimus!207224,Animalia,Insectes,Arthropodes,all,15,467
"Alloeorhynchus <b><span style=""color:#02138e"">(nom valide)</span></b>",207069,Alloeorhynchus!207069,Animalia,Insectes,Arthropodes,all,15,468
"Alloeotomus <b><span style=""color:#02138e"">(nom valide)</span></b>",207261,Alloeotomus!207261,Animalia,Insectes,Arthropodes,all,15,469
"Allogamus <b><span style=""color:#02138e"">(nom valide)</span></b>",188979,Allogamus!188979,Animalia,Insectes,Arthropodes,all,15,470
"Allognosta <b><span style=""color:#02138e"">(nom valide)</span></b>",205930,Allognosta!205930,Animalia,Insectes,Arthropodes,all,15,471
"Allogramma <b><span style=""color:#02138e"">(nom valide)</span></b>",354127,Allogramma!354127,Animalia,Bivalves,Mollusques,all,15,472
"Allohelea <b><span style=""color:#02138e"">(nom valide)</span></b>",206470,Allohelea!206470,Animalia,Insectes,Arthropodes,all,15,473
"Allomacrus <b><span style=""color:#02138e"">(nom valide)</span></b>",209713,Allomacrus!209713,Animalia,Insectes,Arthropodes,all,15,474
"Allomalia <b><span style=""color:#02138e"">(nom valide)</span></b>",204322,Allomalia!204322,Animalia,Insectes,Arthropodes,all,15,475
"Allomelita <b><span style=""color:#02138e"">(nom valide)</span></b>",352733,Allomelita!352733,Animalia,Crustacés,Arthropodes,all,15,476
"Allomengea <b><span style=""color:#02138e"">(nom valide)</span></b>",202396,Allomengea!202396,Animalia,Arachnides,Arthropodes,all,15,477
"Allonyx <b><span style=""color:#02138e"">(nom valide)</span></b>",203808,Allonyx!203808,Animalia,Insectes,Arthropodes,all,15,478
"Allopauropus <b><span style=""color:#02138e"">(nom valide)</span></b>",212757,Allopauropus!212757,Animalia,Myriapodes,Arthropodes,all,15,479
"Allophatnus <b><span style=""color:#02138e"">(nom valide)</span></b>",209708,Allophatnus!209708,Animalia,Insectes,Arthropodes,all,15,480
"Allophorocera <b><span style=""color:#02138e"">(nom valide)</span></b>",206078,Allophorocera!206078,Animalia,Insectes,Arthropodes,all,15,481
"Allophroides <b><span style=""color:#02138e"">(nom valide)</span></b>",209721,Allophroides!209721,Animalia,Insectes,Arthropodes,all,15,482
"Allophyes <b><span style=""color:#02138e"">(nom valide)</span></b>",211030,Allophyes!211030,Animalia,Insectes,Arthropodes,all,15,483
"Allophylax <b><span style=""color:#02138e"">(nom valide)</span></b>",204485,Allophylax!204485,Animalia,Insectes,Arthropodes,all,15,484
"Allopiophila <b><span style=""color:#02138e"">(nom valide)</span></b>",188983,Allopiophila!188983,Animalia,Insectes,Arthropodes,all,15,485
"Alloplasta <b><span style=""color:#02138e"">(nom valide)</span></b>",209706,Alloplasta!209706,Animalia,Insectes,Arthropodes,all,15,486
"Alloptes <b><span style=""color:#02138e"">(nom valide)</span></b>",201103,Alloptes!201103,Animalia,Arachnides,Arthropodes,all,15,487
"Alloschizidium <b><span style=""color:#02138e"">(nom valide)</span></b>",202697,Alloschizidium!202697,Animalia,Crustacés,Arthropodes,all,15,488
"Allosergestes <b><span style=""color:#02138e"">(nom valide)</span></b>",652229,Allosergestes!652229,Animalia,Crustacés,Arthropodes,all,15,489
"Allosquilla <b><span style=""color:#02138e"">(nom valide)</span></b>",359439,Allosquilla!359439,Animalia,Crustacés,Arthropodes,all,15,490
"Alloteuthis <b><span style=""color:#02138e"">(nom valide)</span></b>",354126,Alloteuthis!354126,Animalia,Céphalopodes,Mollusques,all,15,491
"Allothrips <b><span style=""color:#02138e"">(nom valide)</span></b>",212280,Allothrips!212280,Animalia,Insectes,Arthropodes,all,15,492
"Allothrombium <b><span style=""color:#02138e"">(nom valide)</span></b>",201802,Allothrombium!201802,Animalia,Arachnides,Arthropodes,all,15,493
"Allotrichia <b><span style=""color:#02138e"">(nom valide)</span></b>",188984,Allotrichia!188984,Animalia,Insectes,Arthropodes,all,15,494
"Allotrichoma <b><span style=""color:#02138e"">(nom valide)</span></b>",188985,Allotrichoma!188985,Animalia,Insectes,Arthropodes,all,15,495
"Allotropa <b><span style=""color:#02138e"">(nom valide)</span></b>",209774,Allotropa!209774,Animalia,Insectes,Arthropodes,all,15,496
"Alloxysta <b><span style=""color:#02138e"">(nom valide)</span></b>",208907,Alloxysta!208907,Animalia,Insectes,Arthropodes,all,15,497
"Alluaudomyia <b><span style=""color:#02138e"">(nom valide)</span></b>",206467,Alluaudomyia!206467,Animalia,Insectes,Arthropodes,all,15,498
"Allurus <b><span style=""color:#02138e"">(nom valide)</span></b>",209164,Allurus!209164,Animalia,Insectes,Arthropodes,all,15,499
"Allygidius <b><span style=""color:#02138e"">(nom valide)</span></b>",206680,Allygidius!206680,Animalia,Insectes,Arthropodes,all,15,500
